<?xml version="1.0" encoding="UTF-8"?>
<project-private xmlns="http://www.netbeans.org/ns/project-private/1">
    <editor-bookmarks xmlns="http://www.netbeans.org/ns/editor-bookmarks/2" lastBookmarkId="0"/>
    <open-files xmlns="http://www.netbeans.org/ns/projectui-open-files/2">
        <group>
            <file>file:/D:/PIC-Course/mcu_12_9.X/newmainXC16.c</file>
            <file>file:/D:/PIC-Course/mcu_12_9.X/SPI.c</file>
            <file>file:/D:/PIC-Course/mcu_12_9.X/SPI.h</file>
            <file>file:/D:/PIC-Course/mcu_12_9.X/EEPROM.h</file>
            <file>file:/D:/PIC-Course/mcu_12_9.X/EEPROM.c</file>
            <file>file:/D:/PIC-Course/mcu_12_9.X/LCD.c</file>
            <file>file:/D:/PIC-Course/mcu_12_9.X/LCD.h</file>
            <file>file:/D:/PIC-Course/mcu_12_9.X/25LC1024.c</file>
            <file>file:/D:/PIC-Course/mcu_12_9.X/25LC1024.h</file>
        </group>
    </open-files>
</project-private>
