<?xml version="1.0" encoding="UTF-8"?>
<project-private xmlns="http://www.netbeans.org/ns/project-private/1">
    <editor-bookmarks xmlns="http://www.netbeans.org/ns/editor-bookmarks/1"/>
    <editor-bookmarks xmlns="http://www.netbeans.org/ns/editor-bookmarks/2" lastBookmarkId="0"/>
    <open-files xmlns="http://www.netbeans.org/ns/projectui-open-files/2">
        <group>
            <file>file:/C:/Users/henry/Downloads/ADC-example/ADC%20example/mcu_12_4-2.X/adc.c</file>
            <file>file:/C:/Users/henry/Downloads/ADC-example/ADC%20example/mcu_12_4-2.X/main.c</file>
        </group>
    </open-files>
</project-private>
